Year,m,d,Time,Time zone,Precipitation amount (mm),Air temperature (degC),Wind direction (deg),Gust speed (m/s),Wind speed (m/s)
2023,1,1,00:00,UTC,0.3,1.2,234,6.1,2.7
2023,1,1,01:00,UTC,0,1.1,256,7.2,3.5
2023,1,1,02:00,UTC,0,1.6,253,10.4,4.5
2023,1,1,03:00,UTC,0,1,266,10.1,4.7
2023,1,1,04:00,UTC,0,0.7,272,9.9,4.7
2023,1,1,05:00,UTC,0,0.6,268,9,4.1
2023,1,1,06:00,UTC,0,0.2,260,9.7,4.3
2023,1,1,07:00,UTC,0,-0.2,267,10.5,4.6
2023,1,1,08:00,UTC,0,-0.2,271,10.1,4.6
2023,1,1,09:00,UTC,0,-0.9,266,8.2,4
2023,1,1,10:00,UTC,0,-1.4,270,6.6,3
2023,1,1,11:00,UTC,0,-0.2,284,8.5,4.2
2023,1,1,12:00,UTC,0,-0.4,276,8.6,3.5
2023,1,1,13:00,UTC,0,-0.1,283,8,3.8
2023,1,1,14:00,UTC,0.2,-0.8,292,10.9,5.5
2023,1,1,15:00,UTC,0.2,-0.1,279,8.7,4.6
2023,1,1,16:00,UTC,0.5,-0.7,280,11.5,6.5
2023,1,1,17:00,UTC,0.1,0.1,292,12.3,6.7
2023,1,1,18:00,UTC,0,0.1,301,12.3,6.7
2023,1,1,19:00,UTC,0,-0.1,306,11.4,7.1
2023,1,1,20:00,UTC,0,-0.5,305,11.4,6.1
2023,1,1,21:00,UTC,0,-0.9,304,10.5,6.1
2023,1,1,22:00,UTC,0,-1.1,301,8,4.5
2023,1,1,23:00,UTC,0,-1.8,302,7.9,4.6
2023,1,2,00:00,UTC,0,-2.3,282,5.1,2.9
2023,1,2,01:00,UTC,0,-3,283,4.7,1.8
2023,1,2,02:00,UTC,0,-2.5,288,4.8,2.9
2023,1,2,03:00,UTC,0,-2.4,288,6,3.4
2023,1,2,04:00,UTC,0,-2.3,277,4.6,2.5
2023,1,2,05:00,UTC,0,-2.7,264,3.1,1.5
2023,1,2,06:00,UTC,0,-1.6,273,7.3,2.8
2023,1,2,07:00,UTC,0,-1,273,7.1,3.6
2023,1,2,08:00,UTC,0,-1.5,271,6.3,2.9
2023,1,2,09:00,UTC,0,-1.6,235,3.8,1.5
2023,1,2,10:00,UTC,0,-2,266,4.9,2.2
2023,1,2,11:00,UTC,0,-2.3,250,4.4,1.7
2023,1,2,12:00,UTC,0,-2.4,255,4.3,1.4
2023,1,2,13:00,UTC,0,-4,232,2.5,1.4
2023,1,2,14:00,UTC,0,-7.1,220,1.8,1.2
2023,1,2,15:00,UTC,0,-8,194,2.7,1.9
2023,1,2,16:00,UTC,0,-9,183,1.8,1.2
2023,1,2,17:00,UTC,0,-10.1,171,1.6,1
2023,1,2,18:00,UTC,0,-11.4,171,1.7,1
2023,1,2,19:00,UTC,0,-11.8,142,1.3,0.8
2023,1,2,20:00,UTC,0,-10.3,168,1.4,0.9
2023,1,2,21:00,UTC,0,-9.4,120,2.7,1.5
2023,1,2,22:00,UTC,0,-8.7,134,2.6,1.6
2023,1,2,23:00,UTC,0,-8.6,151,2.7,1.6
2023,1,3,00:00,UTC,0,-8.7,138,3,1.5
2023,1,3,01:00,UTC,0,-8.6,136,3.3,2
2023,1,3,02:00,UTC,0,-8.2,89,1.9,1
2023,1,3,03:00,UTC,0,-8,146,2.8,1.4
2023,1,3,04:00,UTC,0,-8.1,132,1.9,1
2023,1,3,05:00,UTC,0,-7.9,106,1.7,1.1
2023,1,3,06:00,UTC,0,-7.6,75,2,1.2
2023,1,3,07:00,UTC,0,-7.5,76,2.8,1.6
2023,1,3,08:00,UTC,0,-7.6,85,1.6,0.7
2023,1,3,09:00,UTC,0,-7.5,109,1.9,1
2023,1,3,10:00,UTC,0,-7.5,85,1.9,0.7
2023,1,3,11:00,UTC,0,-7.3,50,1.1,0.6
2023,1,3,12:00,UTC,0,-7.1,58,1.6,0.7
2023,1,3,13:00,UTC,0,-7.1,70,2.9,1.6
2023,1,3,14:00,UTC,0,-7,64,3.4,1.8
2023,1,3,15:00,UTC,0,-6.4,80,3.3,1.5
2023,1,3,16:00,UTC,0.2,-6.3,77,2.9,1.4
2023,1,3,17:00,UTC,0,-6.4,17,2.8,1.2
2023,1,3,18:00,UTC,0,-6.6,36,2.4,1.2
2023,1,3,19:00,UTC,0,-6.8,22,2.9,1.4
2023,1,3,20:00,UTC,0.1,-7.2,36,3,1.7
2023,1,3,21:00,UTC,0.1,-7.4,18,3.2,1.7
2023,1,3,22:00,UTC,0,-8.2,356,4.1,2
2023,1,3,23:00,UTC,0,-9,14,3.6,2.2
2023,1,4,00:00,UTC,0,-10.5,358,3.2,2
2023,1,4,01:00,UTC,0,-11.5,358,3.7,2.2
2023,1,4,02:00,UTC,0,-12.7,354,2.7,2.1
2023,1,4,03:00,UTC,0,-12.7,356,3.5,2.1
2023,1,4,04:00,UTC,0,-14.7,330,2.8,1.9
2023,1,4,05:00,UTC,0,-13.4,333,3.2,1.7
2023,1,4,06:00,UTC,0,-12.4,349,3.4,2.1
2023,1,4,07:00,UTC,0,-11.9,336,3.1,1.8
2023,1,4,08:00,UTC,0,-10.6,345,4.6,2.2
2023,1,4,09:00,UTC,0,-9.9,340,4.4,2.5
2023,1,4,10:00,UTC,0,-9.3,347,5.1,2.7
2023,1,4,11:00,UTC,0,-9,2,4.4,2.6
2023,1,4,12:00,UTC,0,-9.1,355,2.4,1.3
2023,1,4,13:00,UTC,0,-8.7,4,2.9,1.8
2023,1,4,14:00,UTC,0,-8,18,3.5,1.9
2023,1,4,15:00,UTC,0,-8,18,2.7,1.7
2023,1,4,16:00,UTC,0,-7.7,30,3.4,1.9
2023,1,4,17:00,UTC,0,-7.8,26,3.2,1.6
2023,1,4,18:00,UTC,0,-7.4,19,3.2,1.6
2023,1,4,19:00,UTC,0,-7,33,4.8,2.3
2023,1,4,20:00,UTC,0,-7,30,4.7,2.1
2023,1,4,21:00,UTC,0,-6.7,39,5,2.3
2023,1,4,22:00,UTC,0,-6.6,46,4.8,2.6
2023,1,4,23:00,UTC,0,-6.7,31,3.7,2.1
2023,1,5,00:00,UTC,0,-6.7,37,4.2,2.4
2023,1,5,01:00,UTC,0,-6.6,39,3.9,2
2023,1,5,02:00,UTC,0,-6.7,27,4.1,2
2023,1,5,03:00,UTC,0,-6.6,35,5.3,2.2
2023,1,5,04:00,UTC,0,-6.9,27,3.8,2.1
2023,1,5,05:00,UTC,0,-6.9,34,4.6,2.3
2023,1,5,06:00,UTC,0,-7.3,32,4.5,2.7
2023,1,5,07:00,UTC,0,-7.4,26,4.1,2
2023,1,5,08:00,UTC,0,-7.7,33,4.2,2.3
2023,1,5,09:00,UTC,0,-7.5,39,4.6,2.4
2023,1,5,10:00,UTC,0,-7.6,24,3.7,2
2023,1,5,11:00,UTC,0,-7.7,27,4.3,2.4
2023,1,5,12:00,UTC,0,-8.3,33,4.1,2.1
2023,1,5,13:00,UTC,0,-8.8,38,4.7,2.4
2023,1,5,14:00,UTC,0,-8.8,38,4.2,2.1
2023,1,5,15:00,UTC,0,-9,29,4.1,1.9
2023,1,5,16:00,UTC,0,-9.3,31,2.4,1.3
2023,1,5,17:00,UTC,0,-9.6,24,2.2,1.4
2023,1,5,18:00,UTC,0,-8.9,20,3.1,2
2023,1,5,19:00,UTC,0,-9.1,360,2.4,1.5
2023,1,5,20:00,UTC,0,-9.8,10,2.5,1.4
2023,1,5,21:00,UTC,0,-9.4,12,2.1,1
2023,1,5,22:00,UTC,0,-9.4,29,2.7,1.5
2023,1,5,23:00,UTC,0,-10.9,7,1.4,0.9
2023,1,6,00:00,UTC,0,-12.2,9,1.4,0.7
2023,1,6,01:00,UTC,0,-13.9,214,0.7,0.4
2023,1,6,02:00,UTC,0,-15.6,299,1.7,1.5
2023,1,6,03:00,UTC,0,-17.1,14,1.2,0.6
2023,1,6,04:00,UTC,0,-17.1,15,1,0.6
2023,1,6,05:00,UTC,0,-18.8,0,0.6,0
2023,1,6,06:00,UTC,0,-19.4,167,1.5,1
2023,1,6,07:00,UTC,0,-20.4,181,1.7,1.1
2023,1,6,08:00,UTC,0,-20.8,187,1.5,1.2
2023,1,6,09:00,UTC,0,-20.3,142,1.3,0.9
2023,1,6,10:00,UTC,0,-20.2,153,1.6,1.1
2023,1,6,11:00,UTC,0,-19.8,148,1.5,1
2023,1,6,12:00,UTC,0,-20,167,1.8,1.3
2023,1,6,13:00,UTC,0,-21,145,1.6,1.1
2023,1,6,14:00,UTC,0,-21.5,160,1.7,1.1
2023,1,6,15:00,UTC,0,-20.9,149,1.7,1.1
2023,1,6,16:00,UTC,0,-21.5,159,1.6,1.1
2023,1,6,17:00,UTC,0,-21.8,165,1.7,1.3
2023,1,6,18:00,UTC,0,-22.6,157,1.4,1
2023,1,6,19:00,UTC,0,-22.6,162,2.2,1.5
2023,1,6,20:00,UTC,0,-23,148,1.6,1.1
2023,1,6,21:00,UTC,0,-23.2,149,1.8,1.1
2023,1,6,22:00,UTC,0,-23.1,155,2,1.2
2023,1,6,23:00,UTC,0,-23.4,155,1.5,1.1
2023,1,7,00:00,UTC,0,-23.3,161,2.5,1.5
2023,1,7,01:00,UTC,0,-23.8,146,2.2,1.4
2023,1,7,02:00,UTC,0,-22.8,148,2.8,1.8
2023,1,7,03:00,UTC,0,-22.6,144,3.3,2.1
2023,1,7,04:00,UTC,0,-22.6,143,3.2,1.8
2023,1,7,05:00,UTC,0,-21.1,143,3.3,1.6
2023,1,7,06:00,UTC,0,-19,134,4,2
2023,1,7,07:00,UTC,0,-17.2,125,4.9,2
2023,1,7,08:00,UTC,0,-16.7,142,4.1,2
2023,1,7,09:00,UTC,0,-15.3,140,5.6,2.6
2023,1,7,10:00,UTC,0,-14.6,145,5,2.3
2023,1,7,11:00,UTC,0,-14,140,4.6,2
2023,1,7,12:00,UTC,0,-13.3,129,5.7,2.3
2023,1,7,13:00,UTC,0,-12.6,123,7,3.1
2023,1,7,14:00,UTC,0,-12.3,121,6.2,3.2
2023,1,7,15:00,UTC,0,-11.7,126,7.1,3.8
2023,1,7,16:00,UTC,0,-11.6,126,8.5,3.7
2023,1,7,17:00,UTC,0,-11.5,136,7.3,3.4
2023,1,7,18:00,UTC,0,-11.1,127,6.8,4
2023,1,7,19:00,UTC,0,-11,137,5.5,3.2
2023,1,7,20:00,UTC,0,-10.8,135,6.8,3.1
2023,1,7,21:00,UTC,0,-10.6,134,6.9,3.7
2023,1,7,22:00,UTC,0,-10.4,130,8.4,4.1
2023,1,7,23:00,UTC,0,-10.6,136,9,4.1
2023,1,8,00:00,UTC,0,-10.6,138,7.8,3.7
2023,1,8,01:00,UTC,0,-10.4,140,8.9,4.2
2023,1,8,02:00,UTC,0,-10.1,138,7.4,3.6
2023,1,8,03:00,UTC,0.1,-10,141,9.5,4.2
2023,1,8,04:00,UTC,0,-9.9,133,8.1,4.8
2023,1,8,05:00,UTC,0,-9.9,137,9.7,4.8
2023,1,8,06:00,UTC,0.1,-9.8,131,10,5.2
2023,1,8,07:00,UTC,0,-10,136,9.4,5.1
2023,1,8,08:00,UTC,0,-9.6,140,10.1,4.8
2023,1,8,09:00,UTC,0,-9.1,137,11.8,5.3
2023,1,8,10:00,UTC,0,-9,140,11.5,5.2
2023,1,8,11:00,UTC,0,-8.9,140,10.8,5.2
2023,1,8,12:00,UTC,0,-8.5,142,11.1,5.8
2023,1,8,13:00,UTC,0,-8,140,9.6,5.3
2023,1,8,14:00,UTC,0,-7.7,142,10.8,5.6
2023,1,8,15:00,UTC,0,-7.6,136,12.9,5.8
2023,1,8,16:00,UTC,0,-7.6,140,11.8,5.4
2023,1,8,17:00,UTC,0,-7.8,143,12.1,5.8
2023,1,8,18:00,UTC,0,-7.5,143,12.4,5.4
2023,1,8,19:00,UTC,0,-7.4,143,9.8,4.6
2023,1,8,20:00,UTC,0.1,-7.6,142,12.2,5.8
2023,1,8,21:00,UTC,0.1,-7.6,139,10.2,5.4
2023,1,8,22:00,UTC,0.4,-7.7,141,10.8,5.8
2023,1,8,23:00,UTC,0.6,-8,140,12.7,5.2
2023,1,9,00:00,UTC,0.3,-7.9,141,10.8,5.5
2023,1,9,01:00,UTC,0.5,-7.8,140,12.3,5.3
2023,1,9,02:00,UTC,0.5,-7.5,143,9.9,4.9
2023,1,9,03:00,UTC,0.9,-7.6,140,8.9,4.9
2023,1,9,04:00,UTC,1,-7.5,143,10.1,4.4
2023,1,9,05:00,UTC,0.8,-7.4,142,9.7,4.5
2023,1,9,06:00,UTC,0.6,-7.2,147,9.8,4.7
2023,1,9,07:00,UTC,0.2,-7.1,145,9.9,5.4
2023,1,9,08:00,UTC,0.1,-7,145,9.2,4.8
2023,1,9,09:00,UTC,0.1,-7,136,9.5,4.4
2023,1,9,10:00,UTC,0,-7,141,9.4,4.3
2023,1,9,11:00,UTC,0,-7.1,142,10.2,4.7
2023,1,9,12:00,UTC,0,-7.1,137,9.2,5
2023,1,9,13:00,UTC,0,-7.1,139,8.3,4
2023,1,9,14:00,UTC,0.1,-7.1,141,6.7,3.6
2023,1,9,15:00,UTC,0.4,-7,139,8.3,4
2023,1,9,16:00,UTC,0.4,-7,139,6.7,3.6
2023,1,9,17:00,UTC,0.2,-6.9,136,5.8,3.1
2023,1,9,18:00,UTC,0.2,-6.9,141,5.7,3.2
2023,1,9,19:00,UTC,0.1,-6.7,144,8.9,4.1
2023,1,9,20:00,UTC,0,-6.6,147,6.7,3.1
2023,1,9,21:00,UTC,0,-6.6,143,6.3,3.8
2023,1,9,22:00,UTC,0,-6.5,145,5.6,2.9
2023,1,9,23:00,UTC,0,-6.4,150,5.6,3.1
2023,1,10,00:00,UTC,0.1,-6.2,155,5.9,2.6
2023,1,10,01:00,UTC,0,-6.2,156,5.6,2.7
2023,1,10,02:00,UTC,0,-6.3,151,5.7,2.8
2023,1,10,03:00,UTC,0,-6.2,164,6,3.1
2023,1,10,04:00,UTC,0,-6.5,159,7.5,3.4
2023,1,10,05:00,UTC,0,-7.1,152,5.7,3.1
2023,1,10,06:00,UTC,0,-7.7,145,5.6,3.1
2023,1,10,07:00,UTC,0,-7.6,141,4.8,2.7
2023,1,10,08:00,UTC,0,-6.9,151,5,2.3
2023,1,10,09:00,UTC,0,-6.4,152,5.9,2.9
2023,1,10,10:00,UTC,0,-6.5,154,5.3,3
2023,1,10,11:00,UTC,0,-6.5,147,5.8,2.7
2023,1,10,12:00,UTC,0.1,-6.8,153,7.5,3.6
2023,1,10,13:00,UTC,0.4,-7,144,6.4,3.2
2023,1,10,14:00,UTC,0,-7.1,150,6.2,3
2023,1,10,15:00,UTC,0.1,-7.4,149,6.5,2.8
2023,1,10,16:00,UTC,0.4,-7.7,145,5,2.6
2023,1,10,17:00,UTC,0.4,-7.9,144,4.7,2.6
2023,1,10,18:00,UTC,0.3,-8.1,145,4.6,2.4
2023,1,10,19:00,UTC,0.3,-8.2,145,5.1,2.7
2023,1,10,20:00,UTC,0.4,-8.4,150,5,2.5
2023,1,10,21:00,UTC,0.1,-8.5,147,4.3,2.1
2023,1,10,22:00,UTC,0.2,-8.7,147,3.9,2.1
2023,1,10,23:00,UTC,0,-8.5,145,3.1,1.9
2023,1,11,00:00,UTC,0,-8.3,145,2.8,1.7
2023,1,11,01:00,UTC,0.1,-8.5,147,2.3,1.3
2023,1,11,02:00,UTC,0.1,-9.8,146,2.7,1.4
2023,1,11,03:00,UTC,0,-11.5,146,2.1,1.3
2023,1,11,04:00,UTC,0,-10.6,154,2.1,1.3
2023,1,11,05:00,UTC,0,-11.3,151,1.6,1
2023,1,11,06:00,UTC,0,-10.9,181,2.4,1.5
2023,1,11,07:00,UTC,0,-8.3,172,4.9,2.6
2023,1,11,08:00,UTC,0,-8.2,132,2.3,1.2
2023,1,11,09:00,UTC,0,-7,124,3.8,1.7
2023,1,11,10:00,UTC,0,-5.6,140,4.5,2.8
2023,1,11,11:00,UTC,0,-3.6,144,5.7,3.1
2023,1,11,12:00,UTC,0,-2.5,144,5,2.8
2023,1,11,13:00,UTC,0,-0.6,148,6,3.1
2023,1,11,14:00,UTC,0,0.3,148,7.9,4.1
2023,1,11,15:00,UTC,0,0.8,150,7.6,4.2
2023,1,11,16:00,UTC,0.2,0.9,147,9,4.6
2023,1,11,17:00,UTC,0.5,0.6,149,9.3,5.4
2023,1,11,18:00,UTC,1.5,0.3,148,8.5,4.6
2023,1,11,19:00,UTC,0.4,0.7,158,10.8,4.8
2023,1,11,20:00,UTC,0.1,1.1,167,9.7,4.7
2023,1,11,21:00,UTC,0.1,1.3,171,9.4,5.3
2023,1,11,22:00,UTC,0.1,1.2,170,8.8,4.8
2023,1,11,23:00,UTC,0.1,1.4,174,9.6,4.8
2023,1,12,00:00,UTC,0.1,1.6,175,8.5,4.5
2023,1,12,01:00,UTC,0.1,2.1,180,10.2,5
2023,1,12,02:00,UTC,0,2.3,176,7.9,4.8
2023,1,12,03:00,UTC,0,2.6,176,8.3,5.3
2023,1,12,04:00,UTC,0,2.4,174,7.7,4.1
2023,1,12,05:00,UTC,0,2.3,173,8.7,4.9
2023,1,12,06:00,UTC,0,2.3,170,7.9,4.6
2023,1,12,07:00,UTC,0.2,2.2,168,9.4,4.9
2023,1,12,08:00,UTC,0,2,170,6.6,3.5
2023,1,12,09:00,UTC,0.1,1.8,171,7.7,4
2023,1,12,10:00,UTC,0.3,1.7,166,6.3,3.5
2023,1,12,11:00,UTC,0.8,1.7,169,5.9,3.3
2023,1,12,12:00,UTC,0.5,1.7,175,5.7,3.2
2023,1,12,13:00,UTC,0.3,1.5,166,5.9,3.3
2023,1,12,14:00,UTC,0.1,1.5,162,5.3,3
2023,1,12,15:00,UTC,0.1,1.6,167,7.1,3.7
2023,1,12,16:00,UTC,0.2,1.7,170,7.3,4.2
2023,1,12,17:00,UTC,0.1,1.7,176,8,4.4
2023,1,12,18:00,UTC,0.1,1.8,175,7.4,4.1
2023,1,12,19:00,UTC,0,1.7,174,8.2,4.3
2023,1,12,20:00,UTC,0.1,1.6,177,6.1,3.6
2023,1,12,21:00,UTC,0.2,1.6,179,6.2,3.4
2023,1,12,22:00,UTC,0.1,1.6,176,7.1,3.8
2023,1,12,23:00,UTC,0.2,1.5,181,6.2,3.5
2023,1,13,00:00,UTC,0.1,1.6,177,6.1,3.7
2023,1,13,01:00,UTC,0,1.5,186,8.7,3.9
2023,1,13,02:00,UTC,0,1.4,189,6.2,3.5
2023,1,13,03:00,UTC,0,1.3,181,5.4,3.1
2023,1,13,04:00,UTC,0,1.4,186,6.8,4.2
2023,1,13,05:00,UTC,0,1.2,192,6,3.2
2023,1,13,06:00,UTC,0,1.3,187,7.2,4.1
2023,1,13,07:00,UTC,0,1.3,181,7.4,4
2023,1,13,08:00,UTC,0,1.6,199,7.3,4.1
2023,1,13,09:00,UTC,0,1.7,203,7.8,3.6
2023,1,13,10:00,UTC,0,1.7,205,7.3,3.4
2023,1,13,11:00,UTC,0,1.5,197,6.8,3.6
2023,1,13,12:00,UTC,0,1.7,198,8.8,4.7
2023,1,13,13:00,UTC,0,1.6,203,8.1,4.1
2023,1,13,14:00,UTC,0,1.6,202,7.8,4.4
2023,1,13,15:00,UTC,0,1.4,201,6.6,3.7
2023,1,13,16:00,UTC,0,1.2,199,5.6,2.7
2023,1,13,17:00,UTC,0,1.2,191,5.5,2.5
2023,1,13,18:00,UTC,0,0.9,157,4.1,1.6
2023,1,13,19:00,UTC,0,0.9,155,5,2
2023,1,13,20:00,UTC,0,0.9,151,4.2,2.2
2023,1,13,21:00,UTC,0,0.8,152,3.7,2
2023,1,13,22:00,UTC,0,0.8,154,4.5,2.6
2023,1,13,23:00,UTC,0,0.4,143,4.4,2.3
2023,1,14,00:00,UTC,0.3,0.2,133,3.7,1.9
2023,1,14,01:00,UTC,1,0.1,131,4.3,2
2023,1,14,02:00,UTC,1.3,0.2,121,4.7,2.2
2023,1,14,03:00,UTC,0.1,0.1,136,4.4,2.2
2023,1,14,04:00,UTC,0.2,0.1,146,3,1.7
2023,1,14,05:00,UTC,0.2,0.1,151,2.2,1.2
2023,1,14,06:00,UTC,0.1,0.1,167,2.6,1.5
2023,1,14,07:00,UTC,0.1,0.2,190,3.2,1.9
2023,1,14,08:00,UTC,0.1,0.5,210,4.2,1.9
2023,1,14,09:00,UTC,0,0.4,204,3.2,1.9
2023,1,14,10:00,UTC,0,0.4,212,4.7,2.2
2023,1,14,11:00,UTC,0,0.3,235,4.4,1.7
2023,1,14,12:00,UTC,0,0.1,257,3.4,1.4
2023,1,14,13:00,UTC,0,-0.1,212,2.9,1.2
2023,1,14,14:00,UTC,0,-0.1,198,0.8,0.3
2023,1,14,15:00,UTC,0,-0.2,278,1.5,0.6
2023,1,14,16:00,UTC,0,-0.2,204,1,0.6
2023,1,14,17:00,UTC,0,-0.3,188,1.7,0.8
2023,1,14,18:00,UTC,0,-0.3,19,1.1,0.6
2023,1,14,19:00,UTC,0,-0.4,113,1.1,0.6
2023,1,14,20:00,UTC,0,-0.6,86,2.1,1.2
2023,1,14,21:00,UTC,0,-0.8,87,2,1
2023,1,14,22:00,UTC,0.1,-1,68,1.9,1
2023,1,14,23:00,UTC,0,-0.9,50,1.1,0.7
2023,1,15,00:00,UTC,0,-0.9,37,0.9,0.6
2023,1,15,01:00,UTC,0,-0.8,59,2,1.1
2023,1,15,02:00,UTC,0,-0.7,49,2.4,1.3
2023,1,15,03:00,UTC,0,-0.6,76,3.1,1.5
2023,1,15,04:00,UTC,0,-0.2,103,2.7,1.3
2023,1,15,05:00,UTC,0.1,0.1,127,3.1,1.9
2023,1,15,06:00,UTC,0,0.3,141,4.8,2.4
2023,1,15,07:00,UTC,0.1,0.5,139,4.8,2.5
2023,1,15,08:00,UTC,0,0.8,132,4.9,2.4
2023,1,15,09:00,UTC,0,1,143,5.7,3
2023,1,15,10:00,UTC,0,1.1,140,6.3,2.8
2023,1,15,11:00,UTC,0,1.2,136,5.4,2.8
2023,1,15,12:00,UTC,0,1.5,129,7.9,3.9
2023,1,15,13:00,UTC,0.1,1.5,124,8.5,3.7
2023,1,15,14:00,UTC,0.3,1.3,116,8.8,4.4
2023,1,15,15:00,UTC,1,0.8,125,9.2,4.9
2023,1,15,16:00,UTC,1,0.5,136,9.8,4.8
2023,1,15,17:00,UTC,0.6,0.8,144,8.8,4.9
2023,1,15,18:00,UTC,0,1,155,8.4,4.3
2023,1,15,19:00,UTC,0,1,149,10.3,5.1
2023,1,15,20:00,UTC,0,1.1,148,8.1,4.6
2023,1,15,21:00,UTC,0,1.3,152,8.2,4.5
2023,1,15,22:00,UTC,0,1.5,155,7.9,3.9
2023,1,15,23:00,UTC,0,1.6,161,8.3,4
2023,1,16,00:00,UTC,0,1.7,160,7,4.2
2023,1,16,01:00,UTC,0,1.6,157,7.6,4.2
2023,1,16,02:00,UTC,0,1.7,155,7.4,3.9
2023,1,16,03:00,UTC,0,1.9,167,8.4,4.3
2023,1,16,04:00,UTC,0,1.6,157,8.3,4.1
2023,1,16,05:00,UTC,0,1.3,154,8.7,4.6
2023,1,16,06:00,UTC,0,0.8,153,9.1,4.5
2023,1,16,07:00,UTC,0,0.8,146,8.9,4.1
2023,1,16,08:00,UTC,0,1.5,144,8.5,4.3
2023,1,16,09:00,UTC,0.6,0.6,141,7.3,4.2
2023,1,16,10:00,UTC,1.6,0.4,146,7.7,4.3
2023,1,16,11:00,UTC,0.5,0.5,151,7.1,3.5
2023,1,16,12:00,UTC,0.3,1.4,160,7.6,4
2023,1,16,13:00,UTC,0.1,1.2,158,7.1,3.7
2023,1,16,14:00,UTC,0.5,1.1,157,6.8,3.5
2023,1,16,15:00,UTC,0.4,1.1,175,8.2,3.9
2023,1,16,16:00,UTC,0.2,1.1,175,5.8,2.9
2023,1,16,17:00,UTC,0.2,1.2,182,6.2,3.6
2023,1,16,18:00,UTC,0.3,0.9,192,6.3,3.3
2023,1,16,19:00,UTC,0.1,1,196,5.1,3
2023,1,16,20:00,UTC,0.3,0.8,201,6.9,3.1
2023,1,16,21:00,UTC,0.1,0,206,8.9,4
2023,1,16,22:00,UTC,0.1,-0.7,210,7.4,3.7
2023,1,16,23:00,UTC,0.1,-1.7,218,11,4.9
2023,1,17,00:00,UTC,0,-1.9,210,7.1,3.8
2023,1,17,01:00,UTC,0,-1.8,202,8.8,4.2
2023,1,17,02:00,UTC,0,-1.2,207,6.9,4
2023,1,17,03:00,UTC,0,-0.6,201,7,3.8
2023,1,17,04:00,UTC,0,-0.1,201,8.4,4.3
2023,1,17,05:00,UTC,0,-0.4,201,7.2,3.4
2023,1,17,06:00,UTC,0,-0.3,200,7.9,4.1
2023,1,17,07:00,UTC,0,-0.3,206,7.2,3.4
2023,1,17,08:00,UTC,0,-0.1,199,6.3,3.2
2023,1,17,09:00,UTC,0,0,201,7.5,3.6
2023,1,17,10:00,UTC,0,0,191,6,2.6
2023,1,17,11:00,UTC,0,-0.1,183,4.4,2.5
2023,1,17,12:00,UTC,0,-0.2,175,5.4,2.4
2023,1,17,13:00,UTC,0,-0.2,162,3.3,2.1
2023,1,17,14:00,UTC,0,-0.2,152,4.9,2.2
2023,1,17,15:00,UTC,0,-1.1,127,3.5,1.8
2023,1,17,16:00,UTC,0,-1.6,118,4.1,2.4
2023,1,17,17:00,UTC,0,-1.6,132,3.9,2.3
2023,1,17,18:00,UTC,0,-1.7,117,5,2.5
2023,1,17,19:00,UTC,0,-0.5,134,7,3.4
2023,1,17,20:00,UTC,0,-0.1,136,7.3,3.6
2023,1,17,21:00,UTC,0,-0.5,117,7.3,3.1
2023,1,17,22:00,UTC,0,-0.2,132,8.1,3.9
2023,1,17,23:00,UTC,0,-0.2,130,9.2,4
2023,1,18,00:00,UTC,0,0,125,9.2,4.4
2023,1,18,01:00,UTC,0,0,121,9,4.1
2023,1,18,02:00,UTC,0,0,124,9.5,5.1
2023,1,18,03:00,UTC,0,-0.3,121,7.8,3.2
2023,1,18,04:00,UTC,0,-0.5,110,6.8,3.5
2023,1,18,05:00,UTC,0,-0.7,124,7.8,3.2
2023,1,18,06:00,UTC,0.2,-0.6,117,8,3.4
2023,1,18,07:00,UTC,0,-0.4,114,9.4,4
2023,1,18,08:00,UTC,0,-0.4,120,6.5,3.7
2023,1,18,09:00,UTC,0,-0.3,122,8.2,4
2023,1,18,10:00,UTC,0.1,-0.7,123,9.2,3.8
2023,1,18,11:00,UTC,0.9,-0.9,122,7.4,3.6
2023,1,18,12:00,UTC,0.9,-1,131,7.8,3.6
2023,1,18,13:00,UTC,0.7,-0.8,134,7.7,4
2023,1,18,14:00,UTC,0.4,-0.7,142,6.2,3.1
2023,1,18,15:00,UTC,0,0,159,6.5,3.4
2023,1,18,16:00,UTC,0,0.3,166,7.3,3.4
2023,1,18,17:00,UTC,0.1,0.2,159,6.1,3.3
2023,1,18,18:00,UTC,0,0.2,157,4.1,2.5
2023,1,18,19:00,UTC,0,-0.5,143,5.9,3
2023,1,18,20:00,UTC,-,-1,149,6.3,3.4
2023,1,18,21:00,UTC,0,-0.5,154,6.8,3.5
2023,1,18,22:00,UTC,0,-0.4,160,6.8,3.3
2023,1,18,23:00,UTC,0,-1.7,144,4.7,2.8
2023,1,19,00:00,UTC,0,-2.8,143,4.5,2.2
2023,1,19,01:00,UTC,0,-3.7,142,3.7,1.9
2023,1,19,02:00,UTC,0,-1.8,134,4.5,2.2
2023,1,19,03:00,UTC,0,-0.8,122,3.7,1.8
2023,1,19,04:00,UTC,0,-0.7,108,2.8,1.3
2023,1,19,05:00,UTC,0,-0.8,70,2.6,1.6
2023,1,19,06:00,UTC,0,-0.5,77,2.5,0.9
2023,1,19,07:00,UTC,0,-0.6,50,1.8,1
2023,1,19,08:00,UTC,0,-0.7,28,2.4,1.3
2023,1,19,09:00,UTC,0,-0.5,27,2.9,1.7
2023,1,19,10:00,UTC,0,-0.6,327,2.9,1.8
2023,1,19,11:00,UTC,0,-0.5,340,3.9,2.1
2023,1,19,12:00,UTC,0,-0.4,345,5.4,2.7
2023,1,19,13:00,UTC,0,-0.5,355,5.5,2.1
2023,1,19,14:00,UTC,0,-0.6,333,3.6,1.9
2023,1,19,15:00,UTC,0,-0.8,321,3.9,2.3
2023,1,19,16:00,UTC,0,-1.1,314,3.8,2.5
2023,1,19,17:00,UTC,0,-1.3,305,3.9,2.7
2023,1,19,18:00,UTC,0,-2.6,293,3,2.1
2023,1,19,19:00,UTC,0,-3.5,278,2.7,1.5
2023,1,19,20:00,UTC,0,-2.9,239,2.2,1.1
2023,1,19,21:00,UTC,0,-1.9,230,2.1,0.9
2023,1,19,22:00,UTC,0,-2.4,194,2.6,1.6
2023,1,19,23:00,UTC,0,-2.2,191,3.6,2.1
2023,1,20,00:00,UTC,0,-1.7,187,3.8,1.9
2023,1,20,01:00,UTC,0,-1.5,201,5.4,3
2023,1,20,02:00,UTC,0,-0.7,204,6.2,2.8
2023,1,20,03:00,UTC,0,-0.6,192,5.5,2.8
2023,1,20,04:00,UTC,0,-0.7,184,4.6,2.5
2023,1,20,05:00,UTC,0,-0.4,189,5.3,2.7
2023,1,20,06:00,UTC,0,-0.3,176,4.7,2.8
2023,1,20,07:00,UTC,0,-0.2,188,5,2.9
2023,1,20,08:00,UTC,0,-0.3,186,5.4,2.9
2023,1,20,09:00,UTC,0.4,-0.4,196,4.7,2.4
2023,1,20,10:00,UTC,0,-0.4,193,5,2.9
2023,1,20,11:00,UTC,0,-0.1,205,8.1,3.9
2023,1,20,12:00,UTC,0,0.2,200,7.3,3.6
2023,1,20,13:00,UTC,0,0.4,206,5.8,3
2023,1,20,14:00,UTC,0,0.3,209,7.2,3.1
2023,1,20,15:00,UTC,0,0.3,206,6.7,3.4
2023,1,20,16:00,UTC,0,0.2,207,7.7,3.4
2023,1,20,17:00,UTC,0,0.1,202,7,3.7
2023,1,20,18:00,UTC,0,0.1,211,7.7,3.2
2023,1,20,19:00,UTC,0,-0.1,213,6.9,3.2
2023,1,20,20:00,UTC,0,-0.3,204,7.6,3.3
2023,1,20,21:00,UTC,0.1,-0.7,201,6.5,3.4
2023,1,20,22:00,UTC,0,-0.4,207,7.2,3.4
2023,1,20,23:00,UTC,0,0.1,216,7.7,3.3
2023,1,21,00:00,UTC,0,0.1,226,8.2,3.2
2023,1,21,01:00,UTC,0,-0.1,227,6.9,3
2023,1,21,02:00,UTC,0,-0.3,220,7.1,2.5
2023,1,21,03:00,UTC,0,-0.7,220,5.3,2.7
2023,1,21,04:00,UTC,0,-1.4,224,4.2,1.8
2023,1,21,05:00,UTC,0,-3.7,199,2.7,1.6
2023,1,21,06:00,UTC,0,-4.8,194,2.4,1.5
2023,1,21,07:00,UTC,0,-4.5,206,3.4,1.7
2023,1,21,08:00,UTC,0,-4.4,200,3.5,1.9
2023,1,21,09:00,UTC,0,-5,192,2.8,1.8
2023,1,21,10:00,UTC,0,-4.6,184,1.9,1.2
2023,1,21,11:00,UTC,0,-2.7,200,3.2,1.8
2023,1,21,12:00,UTC,0,-3.9,199,3.3,1.8
2023,1,21,13:00,UTC,0,-5.1,178,2.9,1.7
2023,1,21,14:00,UTC,0,-6,181,3.2,1.8
2023,1,21,15:00,UTC,0,-6.5,190,2.7,1.8
2023,1,21,16:00,UTC,0,-6.9,168,2.3,1.4
2023,1,21,17:00,UTC,0,-7.1,181,3.3,1.9
2023,1,21,18:00,UTC,0,-6.5,175,3.2,1.9
2023,1,21,19:00,UTC,0,-6,172,4.9,2.5
2023,1,21,20:00,UTC,0,-4.6,171,4.6,2.6
2023,1,21,21:00,UTC,0,-3.9,178,4.2,2.5
2023,1,21,22:00,UTC,0,-3.7,178,3.8,1.9
2023,1,21,23:00,UTC,0,-3.7,185,4.7,2.3
2023,1,22,00:00,UTC,0,-3.8,182,5.7,2.8
2023,1,22,01:00,UTC,0,-3.9,188,4.9,2.5
2023,1,22,02:00,UTC,0,-4,198,5.4,2.5
2023,1,22,03:00,UTC,0,-3.7,176,5.9,2.9
2023,1,22,04:00,UTC,0,-3.6,185,5.6,2.9
2023,1,22,05:00,UTC,0,-3.5,190,4.7,2.6
2023,1,22,06:00,UTC,0,-3.5,193,6.7,3.1
2023,1,22,07:00,UTC,0,-3.6,185,5.1,2.9
2023,1,22,08:00,UTC,0,-3.6,189,6.3,3.4
2023,1,22,09:00,UTC,0,-3.5,195,5.3,2.7
2023,1,22,10:00,UTC,0,-3.4,193,5.5,2.6
2023,1,22,11:00,UTC,0,-3.5,190,5.8,2.9
2023,1,22,12:00,UTC,0,-3.7,191,6.4,3.3
2023,1,22,13:00,UTC,0,-3.9,187,5.3,2.9
2023,1,22,14:00,UTC,0,-4.1,193,4.8,2.3
2023,1,22,15:00,UTC,0,-4.5,183,4.6,2.6
2023,1,22,16:00,UTC,0,-4.9,177,4.4,2.5
2023,1,22,17:00,UTC,0,-5,198,3.6,2
2023,1,22,18:00,UTC,0,-5.2,194,5.7,2.9
2023,1,22,19:00,UTC,0,-5.2,195,4.9,2.8
2023,1,22,20:00,UTC,0,-5.3,163,5.5,2.8
2023,1,22,21:00,UTC,0,-5.6,165,4.8,2.5
2023,1,22,22:00,UTC,0,-5.9,171,5.1,3
2023,1,22,23:00,UTC,0,-7.1,167,4.7,2.6
2023,1,23,00:00,UTC,0,-9.2,150,5,2.6
2023,1,23,01:00,UTC,0,-9.2,154,5.6,2.7
2023,1,23,02:00,UTC,0,-9.6,157,4.5,2.4
2023,1,23,03:00,UTC,0,-9.4,154,4.8,2.5
2023,1,23,04:00,UTC,0,-9.6,170,3.9,2.2
2023,1,23,05:00,UTC,0,-7.7,172,5.5,3.1
2023,1,23,06:00,UTC,0,-6.8,165,6.1,3
2023,1,23,07:00,UTC,0,-6.1,176,6.8,4
2023,1,23,08:00,UTC,0,-5.8,168,5.7,3.3
2023,1,23,09:00,UTC,0,-4.1,177,6.6,3.2
2023,1,23,10:00,UTC,0,-2.7,191,6.8,3.3
2023,1,23,11:00,UTC,0,-2.1,209,7.2,3.6
2023,1,23,12:00,UTC,0,-2.1,198,6.4,3.6
2023,1,23,13:00,UTC,0,-2.2,195,7.4,3.4
2023,1,23,14:00,UTC,0,-2.5,187,6.9,3.8
2023,1,23,15:00,UTC,0,-2.5,183,6.6,2.9
2023,1,23,16:00,UTC,0,-2.3,176,5.4,2.9
2023,1,23,17:00,UTC,0,-2.2,185,6.4,3.2
2023,1,23,18:00,UTC,0,-2,176,5.9,2.9
2023,1,23,19:00,UTC,0,-1.9,190,7.5,3.5
2023,1,23,20:00,UTC,0,-1.9,194,8.9,4.5
2023,1,23,21:00,UTC,0.2,-1.8,193,5.7,3.3
2023,1,23,22:00,UTC,0,-1.7,199,8.4,4.2
2023,1,23,23:00,UTC,0.1,-1.9,199,6.3,3.3
2023,1,24,00:00,UTC,0.3,-1.9,195,7.7,4.2
2023,1,24,01:00,UTC,0,-1.7,200,7.8,4.5
2023,1,24,02:00,UTC,0,-1.5,202,8.4,3.5
2023,1,24,03:00,UTC,0,-1.4,200,6.8,3.4
2023,1,24,04:00,UTC,0,-1.1,187,4.2,2
2023,1,24,05:00,UTC,0,-0.2,214,5.2,2.4
2023,1,24,06:00,UTC,0,0,235,7.6,3.4
2023,1,24,07:00,UTC,0,-0.6,245,5.8,2.3
2023,1,24,08:00,UTC,0,-1,237,3.7,1.8
2023,1,24,09:00,UTC,0,-1.4,225,3.5,1.3
2023,1,24,10:00,UTC,0,-1.4,223,3.1,1.7
2023,1,24,11:00,UTC,0,-1.3,209,3.4,1.1
2023,1,24,12:00,UTC,0,-2.4,197,2.6,1.6
2023,1,24,13:00,UTC,0,-2.6,200,4.8,2.3
2023,1,24,14:00,UTC,0,-2.7,209,2.9,1.7
2023,1,24,15:00,UTC,0,-4.2,192,3.8,2
2023,1,24,16:00,UTC,0,-2.4,205,5.4,2.5
2023,1,24,17:00,UTC,0,-2.2,196,5.6,2.9
2023,1,24,18:00,UTC,0,-2.1,195,7.2,3.1
2023,1,24,19:00,UTC,0,-1.8,184,6,2.9
2023,1,24,20:00,UTC,0,-1.3,193,7,3.8
2023,1,24,21:00,UTC,0,-0.9,195,7.7,4
2023,1,24,22:00,UTC,0,-0.5,185,7.5,3.7
2023,1,24,23:00,UTC,0,0.2,176,6.7,3.8
2023,1,25,00:00,UTC,0.4,0.9,176,8.9,4.7
2023,1,25,01:00,UTC,0.4,1.2,195,8.6,4.4
2023,1,25,02:00,UTC,0.5,2,203,9.8,4.9
2023,1,25,03:00,UTC,0.8,2.7,216,10.5,4.9
2023,1,25,04:00,UTC,0.1,3,222,12.6,5.2
2023,1,25,05:00,UTC,0.4,2.9,221,9.2,4.8
2023,1,25,06:00,UTC,0.1,4,229,15.5,6.1
2023,1,25,07:00,UTC,0,4.3,232,11.8,5
2023,1,25,08:00,UTC,0,4.9,232,18,5.4
2023,1,25,09:00,UTC,0,5.3,226,12.5,5.7
2023,1,25,10:00,UTC,0,5.7,231,13,5.1
2023,1,25,11:00,UTC,0,5.8,234,14.8,5.9
2023,1,25,12:00,UTC,0,5.9,240,13.4,6
2023,1,25,13:00,UTC,0,5.6,235,12.9,5.9
2023,1,25,14:00,UTC,0,4.9,241,13.7,5
2023,1,25,15:00,UTC,0,5.1,240,11.4,4.8
2023,1,25,16:00,UTC,0,5,235,11.1,5.8
2023,1,25,17:00,UTC,0,4.8,238,11.9,4.9
2023,1,25,18:00,UTC,0,4.2,237,11.8,4.2
2023,1,25,19:00,UTC,0,4.1,260,9.3,3.7
2023,1,25,20:00,UTC,0,2.9,275,9.1,4.3
2023,1,25,21:00,UTC,0,1.5,325,6.4,3.4
2023,1,25,22:00,UTC,0,0.7,328,4.8,2.5
2023,1,25,23:00,UTC,0,0.5,337,5.3,2.7
2023,1,26,00:00,UTC,0,0,334,4.8,2.4
2023,1,26,01:00,UTC,0,-1.7,332,3.2,1.8
2023,1,26,02:00,UTC,0,-2.8,259,1.8,0.6
2023,1,26,03:00,UTC,0,-2.3,323,4.3,2.2
2023,1,26,04:00,UTC,0,-2.7,315,4.1,2.4
2023,1,26,05:00,UTC,0,-3.9,328,2.8,1.3
2023,1,26,06:00,UTC,0,-5.2,303,1.8,1.2
2023,1,26,07:00,UTC,0,-6,291,3,1.9
2023,1,26,08:00,UTC,0,-5.9,262,2.3,1.2
2023,1,26,09:00,UTC,0,-4.3,299,3.5,2.3
2023,1,26,10:00,UTC,0,-2.6,301,3.9,2.6
2023,1,26,11:00,UTC,0,-2.4,307,5,3.3
2023,1,26,12:00,UTC,0,-2.5,320,4.3,2.3
2023,1,26,13:00,UTC,0,-2.8,317,4.1,1.8
2023,1,26,14:00,UTC,0,-3.3,321,5.4,2.8
2023,1,26,15:00,UTC,0,-3.6,321,5.6,3.2
2023,1,26,16:00,UTC,0,-4.2,318,5.9,2.7
2023,1,26,17:00,UTC,0,-4.1,311,5.5,3.7
2023,1,26,18:00,UTC,0,-4.3,318,5.5,2.8
2023,1,26,19:00,UTC,0,-4.2,318,5.5,3.1
2023,1,26,20:00,UTC,0,-4.1,321,5.8,3
2023,1,26,21:00,UTC,0,-5.3,315,4.3,2.8
2023,1,26,22:00,UTC,0,-5.6,319,3.9,2.4
2023,1,26,23:00,UTC,0,-6.9,313,3.1,2.1
2023,1,27,00:00,UTC,0,-8.9,289,2.6,1.8
2023,1,27,01:00,UTC,0,-9.4,198,1.8,1.3
2023,1,27,02:00,UTC,0,-9.9,231,2.4,1.2
2023,1,27,03:00,UTC,0,-9.2,234,2.6,1.4
2023,1,27,04:00,UTC,0,-6.7,250,3.2,1.5
2023,1,27,05:00,UTC,0,-7.8,210,2.3,1
2023,1,27,06:00,UTC,0,-8.6,185,2.4,1.5
2023,1,27,07:00,UTC,0,-7.9,201,3.3,2
2023,1,27,08:00,UTC,0,-6.4,188,3,1.6
2023,1,27,09:00,UTC,0,-6.6,149,1.8,1.2
2023,1,27,10:00,UTC,0,-5.5,171,2.2,1.3
2023,1,27,11:00,UTC,0,-4.1,200,4.9,2.6
2023,1,27,12:00,UTC,0,-4,198,3.8,2.3
2023,1,27,13:00,UTC,0,-4.2,198,4.9,2.8
2023,1,27,14:00,UTC,0,-3.4,192,4.9,2.6
2023,1,27,15:00,UTC,0,-2.4,202,7,3.7
2023,1,27,16:00,UTC,0,-2.2,195,6.5,3.9
2023,1,27,17:00,UTC,0,-2,202,8.1,4
2023,1,27,18:00,UTC,0,-1.8,200,7.7,3.6
2023,1,27,19:00,UTC,0,-1.5,199,8.3,4.1
2023,1,27,20:00,UTC,0,-1.3,198,8.6,4.3
2023,1,27,21:00,UTC,0,-1.1,201,7.1,3.7
2023,1,27,22:00,UTC,0,-0.9,201,6.6,3.4
2023,1,27,23:00,UTC,0,-1.1,196,6.6,3.9
2023,1,28,00:00,UTC,0,-0.8,196,8,3.8
2023,1,28,01:00,UTC,0,-0.6,198,7.7,4.5
2023,1,28,02:00,UTC,0,-0.7,195,10.8,5
2023,1,28,03:00,UTC,0,-0.7,202,7.9,3.9
2023,1,28,04:00,UTC,0,-0.2,208,8.4,3.7
2023,1,28,05:00,UTC,0,-0.2,203,8.7,3.6
2023,1,28,06:00,UTC,0,0,199,9.2,4.8
2023,1,28,07:00,UTC,0,0,203,10,4.9
2023,1,28,08:00,UTC,0.2,-0.9,202,9.9,5
2023,1,28,09:00,UTC,0.6,-1,198,7.6,4.4
2023,1,28,10:00,UTC,0.6,-0.8,205,7.7,4.2
2023,1,28,11:00,UTC,0,0.1,219,9,4.3
2023,1,28,12:00,UTC,0,0.3,218,8.6,3.6
2023,1,28,13:00,UTC,0,0,227,7.6,3.3
2023,1,28,14:00,UTC,0,-0.4,220,7.6,3.2
2023,1,28,15:00,UTC,0,-0.6,212,5.9,2.7
2023,1,28,16:00,UTC,0,-1,216,7.4,3.6
2023,1,28,17:00,UTC,0,-1.2,218,7.3,3
2023,1,28,18:00,UTC,0,-1.5,205,5.4,2.8
2023,1,28,19:00,UTC,0,0.3,227,8.1,4.1
2023,1,28,20:00,UTC,0,-0.3,227,7.3,3.1
2023,1,28,21:00,UTC,0,-0.3,220,8,3.3
2023,1,28,22:00,UTC,0,0,222,8.3,3.4
2023,1,28,23:00,UTC,0,0.2,232,7.5,3.7
2023,1,29,00:00,UTC,0,-0.4,250,6.6,3.3
2023,1,29,01:00,UTC,0,-0.7,247,8.5,2.9
2023,1,29,02:00,UTC,0,-1,236,5.4,2.6
2023,1,29,03:00,UTC,0,-1.9,238,5.7,2.4
2023,1,29,04:00,UTC,0,-2.6,217,4.2,2
2023,1,29,05:00,UTC,0,-2.8,214,5.1,2.3
2023,1,29,06:00,UTC,0,-1.9,227,5.7,2.4
2023,1,29,07:00,UTC,0,-1.1,233,4.8,2.3
2023,1,29,08:00,UTC,0,-2.4,200,3.8,2.2
2023,1,29,09:00,UTC,0,-2,200,4.7,2.6
2023,1,29,10:00,UTC,0,-1.1,211,5.5,2.8
2023,1,29,11:00,UTC,0,-1.8,208,4.7,2.2
2023,1,29,12:00,UTC,0,-0.5,220,5.4,2
2023,1,29,13:00,UTC,0,-2.5,194,5,2.8
2023,1,29,14:00,UTC,0,-4.1,197,5.2,2.9
2023,1,29,15:00,UTC,0,-4,179,6.2,2.9
2023,1,29,16:00,UTC,0,-5.1,169,4,2.3
2023,1,29,17:00,UTC,0,-5.1,168,5.4,2.6
2023,1,29,18:00,UTC,0,-4.6,153,4.6,2.5
2023,1,29,19:00,UTC,0,-4.2,144,4.4,2.4
2023,1,29,20:00,UTC,0,-3.3,148,4.5,2.4
2023,1,29,21:00,UTC,0.8,-2.4,136,5.4,2.7
2023,1,29,22:00,UTC,0.7,-1.9,137,6.4,3.5
2023,1,29,23:00,UTC,0.8,-1.5,139,6.9,3.6
2023,1,30,00:00,UTC,0.8,-1.3,138,6.5,3.3
2023,1,30,01:00,UTC,1.4,-1.3,140,6.2,2.8
2023,1,30,02:00,UTC,1.8,-1.2,135,5,2.8
2023,1,30,03:00,UTC,1.2,-1.1,137,4.3,2.3
2023,1,30,04:00,UTC,0.1,-1,144,4.2,2
2023,1,30,05:00,UTC,0.4,-0.7,139,3.2,1.8
2023,1,30,06:00,UTC,0,-0.3,140,3.5,1.7
2023,1,30,07:00,UTC,0.2,0,144,2.9,1.7
2023,1,30,08:00,UTC,0.1,0,149,2.6,1.4
2023,1,30,09:00,UTC,0.1,0.2,100,1.5,0.7
2023,1,30,10:00,UTC,0,0.4,109,1.9,0.8
2023,1,30,11:00,UTC,0.2,0.6,75,1.2,0.7
2023,1,30,12:00,UTC,0.1,0.4,39,1.2,0.7
2023,1,30,13:00,UTC,0,0.2,8,2.7,1.2
2023,1,30,14:00,UTC,0.2,0.2,13,2.9,1.6
2023,1,30,15:00,UTC,0.1,0.1,351,5.6,2.9
2023,1,30,16:00,UTC,0.1,-0.3,351,6.2,3
2023,1,30,17:00,UTC,0.2,-0.9,348,6.9,3.6
2023,1,30,18:00,UTC,0.1,-1.5,350,6.9,3.4
2023,1,30,19:00,UTC,0.3,-2.2,342,6.8,4
2023,1,30,20:00,UTC,0.7,-2.6,339,10,4.1
2023,1,30,21:00,UTC,0.3,-3.1,340,7.8,3.9
2023,1,30,22:00,UTC,0.1,-3.6,342,8,4
2023,1,30,23:00,UTC,0.3,-4.1,332,8.7,4.7
2023,1,31,00:00,UTC,0.4,-5.4,332,9.8,4.7
2023,1,31,01:00,UTC,0.1,-6.5,331,10.2,5.2
2023,1,31,02:00,UTC,0,-7,332,8.6,4.3
2023,1,31,03:00,UTC,0,-7.1,335,9.4,4.5
2023,1,31,04:00,UTC,0,-6.5,344,8.6,4.1
2023,1,31,05:00,UTC,0,-5.1,334,7.7,3.9
2023,1,31,06:00,UTC,0,-4.2,338,7.5,3.9
2023,1,31,07:00,UTC,0,-4.2,322,6.5,3.4
2023,1,31,08:00,UTC,0,-4.4,317,7.6,4.2
2023,1,31,09:00,UTC,0,-3,327,8.3,4.3
2023,1,31,10:00,UTC,0,-3,318,6.8,3.2
2023,1,31,11:00,UTC,0,-2.8,311,6.6,3.9
2023,1,31,12:00,UTC,0,-2.5,302,5.1,3.3
2023,1,31,13:00,UTC,0,-2.9,335,3.4,1.7
2023,1,31,14:00,UTC,0,-3.6,298,3.8,2.3
2023,1,31,15:00,UTC,0,-4.1,284,4,2.2
2023,1,31,16:00,UTC,0,-4.7,247,3.6,1.8
2023,1,31,17:00,UTC,0,-5.3,251,2.1,1.3
2023,1,31,18:00,UTC,0,-5.6,259,2.6,1.5
2023,1,31,19:00,UTC,0,-5.7,237,2,1
2023,1,31,20:00,UTC,0,-8,226,2,1.1
2023,1,31,21:00,UTC,0,-10.9,227,2.2,0.9
2023,1,31,22:00,UTC,0,-11.2,205,2.3,1.6
2023,1,31,23:00,UTC,0,-12.9,203,1.7,1.2
2023,2,1,00:00,UTC,0,-11.8,183,2.6,1.7